Role ID,Name,Added Date
63e44fa0cc33a14b63536f47,Attending,2023-02-22
63e4500fcc33a14b63536f4a,Resident,2023-02-16
63e45739cc33a14b63536f5f,Registered Nurse,2023-02-21
63e46870cc33a14b63536f8c,Physical Therapist,2023-02-20
63eedc5adbb1e3fd504adbff,Scheduler,2023-02-09
63eedd00dbb1e3fd504adc04,Registrar,2023-01-31
63eedd65dbb1e3fd504adc09,Nursing Aide,2023-02-14
63f8cccf3bc0e2f311255d0c,Admin,2023-02-13
63f8ce223bc0e2f311255d2d,Moderator,2023-02-24
64020c68a19f109682c70362,User,2023-03-03
6438243e8a75f9342e05dbd3,Pharmacist,2023-04-13
